Time,XRotation,YRotation,ZRotation,XPosition,YPosition,ZPosition
0,0,0,0,0,0,0
0.02,-0.1284314,0.0006246556,0.004790298,1.999276,0.01802881,2.97824
0.04,-0.1284224,0.0006235536,0.004795959,1.999275,0.01802774,2.978241
0.3733333,-0.1284432,0.0005789484,0.004814249,1.999265,0.01802989,2.978238
0.3961811,-0.1284586,0.0005768101,0.004814717,1.999265,0.01803205,2.978235
0.4100031,-0.1284529,0.0005786827,0.004819807,1.999265,0.01803126,2.978236
0.4267795,-0.1284397,0.0005725361,0.004817946,1.999264,0.01802964,2.978238
0.4433704,-0.1284488,0.0005709999,0.004812995,1.999265,0.01803081,2.978236
0.4602714,-0.1284617,0.0005742576,0.004813095,1.999265,0.01803243,2.978234
0.4767936,-0.1284544,0.0005762984,0.004821068,1.999264,0.01803141,2.978235
0.4933745,-0.1284472,0.0005743551,0.004823215,1.999264,0.01803076,2.978237
0.5100123,-0.1284517,0.0005733314,0.004827027,1.999263,0.0180309,2.978236
0.526834,-0.1284608,0.0005674099,0.004830397,1.999261,0.01803222,2.978234
0.5433948,-0.128456,0.000570429,0.004827197,1.999262,0.01803158,2.978235
0.5600281,-0.1284423,0.0005879162,0.004830667,1.999264,0.01803012,2.978238
0.5767691,-0.1284474,0.0005950407,0.004829115,1.999265,0.01803045,2.978237
0.5933042,-0.1284687,0.0005967548,0.004838425,1.999265,0.01803233,2.978234
0.6100287,-0.1284696,0.0005970118,0.004847671,1.999263,0.01803355,2.978232
0.6266618,-0.1284456,0.0005882998,0.004849597,1.999261,0.0180306,2.978237
0.6433167,-0.1284429,0.0005946642,0.004846708,1.999262,0.01803011,2.978238
0.6600548,-0.1284569,0.0006009249,0.004848778,1.999263,0.01803155,2.978235
0.6767116,-0.1284605,0.0006019087,0.004844342,1.999263,0.01803221,2.978234
0.6933534,-0.1284543,0.0005984967,0.004844011,1.999263,0.01803163,2.978235
0.7099656,-0.1284445,0.0006011475,0.004847804,1.999263,0.01803036,2.978237
0.7266514,-0.1284527,0.0006122378,0.004849367,1.999264,0.01803114,2.978236
0.7433611,-0.1284672,0.0006174921,0.004845791,1.999266,0.01803301,2.978233
0.7599961,-0.1284539,0.0006199668,0.004841979,1.999267,0.01803164,2.978235
0.7766836,-0.1284335,0.0006177629,0.00484608,1.999265,0.01802933,2.978239
0.7933248,-0.1284346,0.0006219684,0.004849108,1.999266,0.01802911,2.978239
0.8100002,-0.1284439,0.0006201488,0.004844886,1.999266,0.01803019,2.978237
0.8267263,-0.1284481,0.0006317734,0.004841948,1.999268,0.01803095,2.978236
0.8432897,-0.1284326,0.0006411267,0.004844404,1.999269,0.01802912,2.978239
0.8601416,-0.1284209,0.0006432894,0.004839003,1.99927,0.01802759,2.978242
0.8767311,-0.1284344,0.000636399,0.004840127,1.999269,0.0180289,2.97824
0.8932983,-0.1284446,0.0006290295,0.00483413,1.999269,0.01803035,2.978237
0.910039,-0.1284282,0.0006350475,0.00483633,1.99927,0.01802846,2.97824
0.9266826,-0.1284121,0.0006206937,0.004836049,1.999268,0.01802654,2.978243
0.9432828,-0.1284316,0.0006138683,0.004838209,1.999267,0.01802841,2.97824
0.9599779,-0.1284508,0.0006110566,0.004835066,1.999267,0.01803104,2.978236
0.976702,-0.1284463,0.0006122554,0.004829822,1.999267,0.01803058,2.978237
0.9933549,-0.1284231,0.0006081045,0.0048304,1.999267,0.01802786,2.978241
1.010016,-0.1284302,0.0006110489,0.004832428,1.999267,0.01802844,2.97824
1.026833,-0.1284505,0.0006116638,0.00483096,1.999267,0.01803085,2.978236
1.043323,-0.1284446,0.0006143562,0.004828883,1.999268,0.01803059,2.978237
1.060026,-0.1284157,0.000603084,0.004827693,1.999267,0.01802739,2.978242
1.076792,-0.1284185,0.000594144,0.00482583,1.999266,0.01802697,2.978242
1.093324,-0.1284452,0.0005946483,0.004828058,1.999266,0.01802997,2.978238
1.109984,-0.1284383,0.000593978,0.004829552,1.999265,0.0180298,2.978238
1.126716,-0.1284136,0.0005788957,0.004832331,1.999264,0.018027,2.978243
1.143361,-0.1284105,0.0005774684,0.004832499,1.999262,0.01802625,2.978244
1.160016,-0.1284416,0.0005702019,0.00483257,1.999261,0.01802937,2.978238
1.176589,-0.1284384,0.000574032,0.004834395,1.999261,0.01802964,2.978238
Building new room, if data available
1.194756,-0.1284054,0.0005718716,0.004829579,1.999262,0.01802578,2.978245
1.209958,-0.1284113,0.0005631333,0.004835388,-0.0007398874,0.01802596,-0.02175611
1.22669,-0.1284365,0.0005622857,0.004840674,-0.0007412583,0.01802904,-0.02176093
1.243369,-0.1284379,0.0005646747,0.004837281,-0.0007403381,0.01802954,-0.0217615
1.260051,-0.1284146,0.0005539723,0.004835083,-0.0007415526,0.01802691,-0.02175726
1.276659,-0.1284149,0.0005516929,0.004833044,-0.0007414557,0.01802639,-0.0217568
1.293326,-0.1284439,0.0005511086,0.004838419,-0.0007418878,0.0180293,-0.02176176
1.310084,-0.1284536,0.0005475751,0.004841412,-0.0007434338,0.01803131,-0.02176439
1.326631,-0.1284373,0.0005483184,0.004841792,-0.0007437542,0.01802951,-0.02176145
1.343263,-0.1284325,0.0005403001,0.00484123,-0.0007442236,0.01802872,-0.02176035
1.360385,-0.1284466,0.0005336536,0.004842755,-0.0007458813,0.01803043,-0.02176304
1.37677,-0.1284504,0.0005341051,0.00484369,-0.0007455498,0.01803089,-0.02176376
1.393341,-0.1284443,0.0005405147,0.004847809,-0.0007456169,0.01803029,-0.02176273
1.410006,-0.1284363,0.0005386444,0.004843623,-0.0007454269,0.0180294,-0.02176129
1.427095,-0.1284313,0.0005403517,0.004847186,-0.0007454678,0.01802864,-0.02176019
1.443338,-0.1284356,0.0005406914,0.004846702,-0.0007455088,0.01802905,-0.0217609
1.459944,-0.1284427,0.0005393341,0.004849684,-0.0007460117,0.01802988,-0.02176224
1.476631,-0.1284426,0.000543484,0.004855702,-0.0007459968,0.01803006,-0.02176239
1.493339,-0.1284409,0.0005341746,0.004853638,-0.000747066,0.01803002,-0.02176223
1.509948,-0.1284424,0.0005346632,0.004843117,-0.0007453412,0.01803006,-0.02176237
1.526877,-0.1284655,0.0005466262,0.004847992,-0.0007445365,0.01803236,-0.02176629
1.543275,-0.1284612,0.0005494145,0.004836595,-0.000742536,0.01803219,-0.02176578
1.559991,-0.1284458,0.0005386668,0.004841119,-0.0007448047,0.0180305,-0.02176304
1.576615,-0.1284451,0.0005466965,0.00484769,-0.0007446893,0.01803032,-0.02176282
1.59326,-0.128462,0.0005504899,0.004852088,-0.0007449649,0.0180321,-0.02176578
1.610004,-0.1284673,0.0005564911,0.004849765,-0.0007435232,0.01803302,-0.02176704
1.62668,-0.1284505,0.0005640025,0.004848969,-0.0007426739,0.01803106,-0.0217639
1.643285,-0.1284538,0.0005675572,0.004848158,-0.0007420741,0.01803095,-0.02176405
1.659944,-0.1284671,0.0005588902,0.004847143,-0.0007433295,0.01803248,-0.02176652
1.676602,-0.1284644,0.0005608122,0.0048499,-0.0007428452,0.01803255,-0.02176637
1.693359,-0.1284511,0.0005624613,0.004841805,-0.0007414408,0.01803111,-0.02176398
1.709997,-0.128442,0.000566263,0.00484424,-0.0007413588,0.01803005,-0.02176229
1.726693,-0.1284568,0.0005747005,0.004839918,-0.0007395409,0.01803169,-0.02176495
1.743273,-0.1284658,0.0005836622,0.004840572,-0.0007383749,0.01803288,-0.02176675
1.760038,-0.1284593,0.0005741963,0.004845592,-0.0007402077,0.01803226,-0.02176568
1.776605,-0.1284493,0.0005815981,0.004843971,-0.0007390901,0.01803083,-0.02176357
1.793279,-0.1284647,0.0005757048,0.004845615,-0.0007398985,0.01803235,-0.02176619
1.809978,-0.1284679,0.0005726513,0.004849412,-0.0007412285,0.01803308,-0.02176712
1.826625,-0.128451,0.0005686908,0.004846099,-0.0007412508,0.01803109,-0.02176395
1.843282,-0.1284345,0.0005675943,0.004846615,-0.0007415116,0.01802915,-0.02176087
1.860031,-0.1284451,0.0005622383,0.004850844,-0.000742346,0.01803012,-0.02176261
1.876629,-0.1284577,0.0005684852,0.00484197,-0.0007406101,0.01803175,-0.02176509
1.893309,-0.1284546,0.0005674556,0.004840779,-0.0007407553,0.01803149,-0.0217646
1.90995,-0.1284356,0.0005710639,0.004838377,-0.0007398389,0.01802933,-0.02176112
1.926702,-0.1284337,0.0005813469,0.004836404,-0.0007378943,0.01802882,-0.02176049
1.943236,-0.1284439,0.0005809644,0.004834526,-0.0007374175,0.01803024,-0.02176258
1.959965,-0.128449,0.0005687783,0.004839861,-0.0007402115,0.01803081,-0.02176353
1.976659,-0.1284336,0.0005692763,0.004838925,-0.0007399507,0.01802897,-0.02176063
1.993292,-0.1284296,0.0005707414,0.004840102,-0.0007402189,0.01802853,-0.02175992
2.009922,-0.1284472,0.0005622637,0.004844298,-0.000742171,0.01802994,-0.0217626
2.026704,-0.1284608,0.0005595543,0.004850634,-0.0007428154,0.01803235,-0.0217659
2.043216,-0.1284424,0.0005615811,0.004848603,-0.0007427484,0.01803029,-0.02176256
2.060016,-0.1284259,0.0005722346,0.004852215,-0.0007418282,0.01802801,-0.02175915
2.076659,-0.1284362,0.0005675093,0.004855217,-0.0007426292,0.01802896,-0.02176084
2.093249,-0.1284566,0.0005734369,0.004862003,-0.0007434599,0.01803162,-0.0217649
2.109866,-0.1284434,0.0005749993,0.004864367,-0.0007437021,0.01803013,-0.02176249
2.126654,-0.1284279,0.0005741806,0.004857244,-0.0007425062,0.01802831,-0.02175958
2.143211,-0.1284436,0.0005778555,0.00485527,-0.0007414557,0.01802993,-0.02176231
2.159943,-0.1284644,0.0005874043,0.004857477,-0.0007409193,0.01803247,-0.02176627
2.176599,-0.1284584,0.0005867004,0.00485598,-0.0007405356,0.0180321,-0.02176546
2.193319,-0.1284457,0.0005912632,0.004855123,-0.0007396042,0.01803033,-0.02176283
2.209958,-0.1284472,0.0005873265,0.004857986,-0.0007406883,0.01803051,-0.02176311
2.226614,-0.1284684,0.0005927216,0.004859914,-0.0007402711,0.01803311,-0.02176717
2.243292,-0.128472,0.0005854503,0.004857301,-0.000740651,0.01803363,-0.02176794
2.259931,-0.1284492,0.0005788566,0.004856314,-0.0007417016,0.01803099,-0.02176373
2.2766,-0.1284431,0.0005655278,0.004849957,-0.0007423423,0.01802994,-0.02176228
2.293249,-0.1284582,0.0005614934,0.004855594,-0.000743933,0.0180315,-0.02176492
2.309946,-0.1284709,0.0005658159,0.004857308,-0.0007435791,0.01803335,-0.02176762
2.326592,-0.1284564,0.0005654002,0.004857633,-0.0007438622,0.01803151,-0.02176479
2.343242,-0.1284408,0.0005671102,0.004846397,-0.0007417984,0.01803,-0.02176215
2.360037,-0.1284509,0.0005728208,0.00484646,-0.0007407628,0.01803067,-0.02176355
2.376595,-0.1284657,0.0005718681,0.004847072,-0.0007411242,0.01803266,-0.02176655
2.393224,-0.1284623,0.0005737119,0.004849809,-0.000741329,0.01803239,-0.02176604
2.409954,-0.128435,0.0005786082,0.004855986,-0.000741452,0.0180292,-0.02176096
2.426589,-0.1284398,0.000577796,0.004853356,-0.0007412434,0.01802949,-0.0217616
2.443303,-0.1284555,0.0005852708,0.004855692,-0.0007406808,0.01803174,-0.0217649
2.459895,-0.1284579,0.0005907015,0.004857642,-0.0007394403,0.01803217,-0.02176547
2.476607,-0.1284435,0.0005928623,0.004853443,-0.0007398091,0.01803045,-0.02176277
2.493253,-0.1284511,0.0006003118,0.004849586,-0.0007375553,0.01803084,-0.0217637
2.509946,-0.1284728,0.0005985988,0.004847083,-0.0007372573,0.01803364,-0.02176798
2.526697,-0.1284701,0.0005997391,0.004843267,-0.0007364042,0.01803344,-0.02176758
2.543326,-0.1284472,0.0005859301,0.004852779,-0.0007390305,0.01803068,-0.02176327
2.5599,-0.128451,0.0005913572,0.004850852,-0.0007387921,0.01803078,-0.02176365
2.576602,-0.1284667,0.0005858989,0.004852422,-0.0007397868,0.01803285,-0.0217668
2.593226,-0.1284737,0.0005897357,0.004859956,-0.0007403344,0.01803392,-0.02176833
2.609924,-0.1284619,0.0006054934,0.004854565,-0.0007375181,0.01803227,-0.02176587
2.626601,-0.1284402,0.0006078519,0.004853043,-0.0007364303,0.01802993,-0.02176199
Building new room, if data available
2.643675,-0.1284536,0.0006147863,0.004851491,-0.000735417,0.01803122,-0.02176422
2.643675,-0.1284754,0.0006119446,0.004856314,-0.0007372089,0.01803414,-0.02176864
2.643675,-0.1284513,0.0006202603,0.004856644,-0.0007357858,0.01803125,-0.02176408
2.643675,-0.1284196,0.0006285946,0.00485612,-0.0007349402,0.01802775,-0.02175836
2.643675,-0.128437,0.0006369087,0.004851873,-0.0007326305,0.01802909,-0.02176094
2.643675,-0.1284624,0.000636815,0.004853889,-0.0007326119,0.01803198,-0.02176559
2.643675,-0.1284615,0.0006317677,0.004851536,-0.0007332638,0.01803249,-0.021766
2.643675,-0.1284309,0.0006375092,0.004852488,-0.0007326454,0.01802902,-0.02176039
2.643675,-0.1284395,0.0006352452,0.004856894,-0.0007337593,0.01802952,-0.02176154
2.643675,-0.1284822,0.0006323813,0.004862347,-0.0007350408,0.01803397,-0.021769
2.643675,-0.1284756,0.000642256,0.004872856,-0.0007352419,0.01803463,-0.02176909
2.643675,-0.1284423,0.0006393459,0.004869113,-0.0007354021,0.01803037,-0.02176254
2.643675,-0.1284481,0.0006420445,0.004871382,-0.0007351562,0.01803033,-0.02176297
2.643675,-0.1284842,0.0006424346,0.004880521,-0.0007366315,0.01803435,-0.02176952
2.643675,-0.1284937,0.0006443096,0.004884145,-0.0007364526,0.01803685,-0.02177257
2.643675,-0.1284555,0.000647918,0.004878114,-0.0007353351,0.01803241,-0.02176547
2.643675,-0.1284392,0.0006492686,0.004881436,-0.0007361099,0.01802951,-0.02176152
2.643675,-0.1284841,0.0006525292,0.004880931,-0.0007346943,0.01803328,-0.0217685
2.643675,-0.1285074,0.0006579508,0.004881745,-0.0007348731,0.01803769,-0.02177439
2.643675,-0.1284755,0.0006523071,0.004876683,-0.000735119,0.01803512,-0.02176953
2.643675,-0.1284375,0.0006491406,0.004883021,-0.0007357299,0.01802974,-0.02176159
2.643675,-0.1284717,0.0006546192,0.00488147,-0.0007352307,0.01803225,-0.02176658
2.643675,-0.1285033,0.0006481063,0.004884172,-0.0007361099,0.01803739,-0.02177381
2.643675,-0.1284828,0.0006582062,0.004883482,-0.0007351451,0.01803527,-0.02177024
2.643675,-0.1284514,0.0006618634,0.004877383,-0.0007334687,0.01803116,-0.02176398
2.643675,-0.1284748,0.0006685764,0.004878355,-0.0007326826,0.01803331,-0.02176777
2.643675,-0.1285017,0.0006655788,0.004875616,-0.0007327162,0.01803703,-0.02177332
2.643675,-0.1284803,0.0006667184,0.00487471,-0.0007324368,0.01803534,-0.02177009
2.643675,-0.1284492,0.0006641833,0.004880568,-0.0007336289,0.01803087,-0.02176353
2.643675,-0.1284684,0.0006721899,0.004886806,-0.0007335059,0.01803249,-0.02176653
2.643675,-0.1285033,0.0006674877,0.00488479,-0.0007338375,0.01803689,-0.02177332
2.643675,-0.1285021,0.0006617781,0.004878935,-0.0007337853,0.01803716,-0.02177348
2.643675,-0.1284705,0.0006567791,0.004876666,-0.0007341467,0.01803365,-0.02176777
2.643675,-0.128471,0.0006626108,0.004868716,-0.0007323697,0.01803337,-0.02176754
2.643675,-0.1284972,0.0006532317,0.004875076,-0.0007338151,0.01803623,-0.02177224
2.643675,-0.1284996,0.0006515075,0.004875474,-0.0007342622,0.01803685,-0.02177301
2.643675,-0.1284887,0.0006512694,0.004876245,-0.0007347725,0.01803556,-0.02177097
2.643675,-0.1284815,0.0006514487,0.004879246,-0.0007352829,0.01803464,-0.02176956
2.643675,-0.1284921,0.000652337,0.004870304,-0.0007338189,0.01803594,-0.02177157
2.643675,-0.1284942,0.0006727185,0.004868241,-0.000730861,0.01803634,-0.02177208
2.643675,-0.1284816,0.0006808888,0.004869441,-0.0007294752,0.01803471,-0.02176958
2.643675,-0.1284732,0.000680535,0.004877266,-0.0007308573,0.01803369,-0.02176799
2.643675,-0.1284796,0.0006834049,0.004873714,-0.0007297732,0.01803444,-0.02176917
2.643675,-0.1284999,0.0006817951,0.004881517,-0.0007311776,0.01803687,-0.02177302
2.643675,-0.1285034,0.0006828042,0.004879992,-0.0007309839,0.01803723,-0.02177362
2.643675,-0.1284923,0.00068819,0.004876348,-0.0007297583,0.01803605,-0.02177165
2.643675,-0.1284828,0.0006841889,0.004872171,-0.0007296726,0.01803478,-0.02176974
2.643675,-0.1284938,0.0006740728,0.004873484,-0.0007312335,0.01803605,-0.02177179
2.643675,-0.1285036,0.0006814521,0.004877228,-0.0007308498,0.01803726,-0.02177367
2.643675,-0.1284966,0.0006813544,0.004880689,-0.0007313751,0.01803646,-0.02177238
2.643675,-0.1284925,0.0006935539,0.004882081,-0.0007299446,0.01803589,-0.02177153
2.643675,-0.1284978,0.000685012,0.004878617,-0.000729844,0.01803642,-0.02177243
2.643675,-0.1285045,0.0006968623,0.004876346,-0.0007283688,0.01803739,-0.02177384
2.643675,-0.1284987,0.0007081485,0.00487398,-0.0007268973,0.01803656,-0.02177261
2.643675,-0.1284791,0.0007145433,0.004876349,-0.0007261522,0.0180343,-0.02176898
2.643675,-0.1284886,0.0007127099,0.004885172,-0.00072648,0.01803514,-0.0217705
2.643675,-0.1285001,0.0007146593,0.004879339,-0.0007265732,0.01803698,-0.02177309
2.643675,-0.1284979,0.0007238924,0.004878973,-0.0007250495,0.01803669,-0.02177264
2.643675,-0.1284837,0.0007261927,0.004878955,-0.0007247441,0.01803496,-0.02176994
2.643675,-0.1284805,0.0007257273,0.004881325,-0.0007253177,0.01803479,-0.02176952
2.643675,-0.1285037,0.000728377,0.00488518,-0.0007254742,0.01803697,-0.02177336
2.643675,-0.1285038,0.0007214414,0.004884241,-0.0007264763,0.01803738,-0.02177376
2.643675,-0.1284823,0.0007174843,0.004890189,-0.0007275343,0.0180352,-0.02177007
2.643675,-0.1284738,0.0007197172,0.004894732,-0.0007283762,0.01803374,-0.02176806
2.643675,-0.1284869,0.0007218818,0.004891127,-0.0007278472,0.01803489,-0.02177013
2.643675,-0.1284868,0.0007210437,0.00489158,-0.0007274486,0.01803568,-0.02177086
2.643675,-0.1284679,0.0007175939,0.004883262,-0.0007267669,0.01803317,-0.02176706
2.643675,-0.1284536,0.0007221354,0.004884942,-0.0007263198,0.01803141,-0.02176431
2.643675,-0.1284796,0.0007215092,0.00489105,-0.0007278249,0.01803325,-0.02176805
2.643675,-0.1284961,0.0007316461,0.004885737,-0.0007249787,0.01803646,-0.02177229
2.643675,-0.1284785,0.0007296256,0.004885097,-0.0007254854,0.01803456,-0.02176916
2.643675,-0.1284608,0.0007248822,0.004886685,-0.0007263683,0.01803239,-0.02176577
2.643675,-0.1284706,0.0007266602,0.004887049,-0.0007263049,0.01803297,-0.02176709
2.643675,-0.1284998,0.0007254762,0.004884624,-0.0007256679,0.01803604,-0.02177219
2.643675,-0.1284939,0.0007219853,0.004884446,-0.000726331,0.01803634,-0.02177202
2.643675,-0.128479,0.0007278189,0.004886237,-0.0007257685,0.01803437,-0.02176902
2.643675,-0.1284816,0.0007302259,0.004885947,-0.0007254556,0.01803453,-0.02176938
2.643675,-0.12851,0.0007187468,0.004885705,-0.0007266104,0.01803727,-0.02177414
2.643675,-0.1285032,0.0007256991,0.004892073,-0.000726901,0.01803737,-0.0217737
2.643675,-0.1284833,0.000725303,0.004892929,-0.0007272139,0.01803523,-0.02177017
2.643675,-0.1284781,0.0007364823,0.004884814,-0.0007245615,0.01803426,-0.02176884
2.643675,-0.1285084,0.0007315964,0.004892141,-0.0007261075,0.01803768,-0.02177438
2.643675,-0.1285184,0.0007281043,0.004891774,-0.0007260256,0.01803899,-0.02177639
2.643675,-0.1284945,0.0007247119,0.004877014,-0.0007253997,0.01803676,-0.02177244
2.643675,-0.1284855,0.0007213334,0.004883799,-0.0007262491,0.01803517,-0.02177028
2.643675,-0.128504,0.0007139669,0.004888706,-0.000727918,0.01803699,-0.02177343
2.643675,-0.1285152,0.0007284367,0.004883817,-0.0007253364,0.01803871,-0.02177586
2.643675,-0.1284932,0.000724892,0.004889076,-0.0007261969,0.01803654,-0.02177215
2.643675,-0.128477,0.0007303452,0.004886116,-0.0007251017,0.01803442,-0.0217689
2.643675,-0.1284958,0.0007379798,0.004881717,-0.0007237233,0.01803622,-0.02177203
2.643675,-0.1285146,0.0007417153,0.004876778,-0.0007224455,0.01803828,-0.0217754
2.643675,-0.1285001,0.000744474,0.004878982,-0.0007223785,0.01803716,-0.02177323
2.643675,-0.1284821,0.0007366746,0.004882746,-0.0007238239,0.0180348,-0.02176965
2.643675,-0.1284921,0.0007325442,0.004884196,-0.0007248335,0.01803564,-0.02177121
2.643675,-0.1285108,0.0007268698,0.004889423,-0.0007262379,0.01803782,-0.0217747
2.643675,-0.1285129,0.0007338127,0.004886857,-0.0007248893,0.01803862,-0.0217756
2.643675,-0.1284906,0.0007382131,0.004887304,-0.0007244609,0.01803595,-0.02177138
2.643675,-0.1284911,0.0007317415,0.004887041,-0.0007254072,0.01803581,-0.02177129
2.643675,-0.1285053,0.0007289935,0.004892448,-0.0007262491,0.01803726,-0.02177376
2.643675,-0.1285114,0.0007262232,0.004888915,-0.0007262565,0.01803834,-0.02177523
2.643675,-0.1284932,0.0007299865,0.004890726,-0.000726074,0.01803644,-0.02177205
2.643675,-0.1284845,0.0007376373,0.004891911,-0.0007254146,0.01803496,-0.02177
2.643675,-0.1285007,0.0007494756,0.004892815,-0.0007234737,0.01803658,-0.02177274
2.643675,-0.1285206,0.0007532255,0.004888066,-0.0007229708,0.01803918,-0.0217767
2.643675,-0.1285075,0.0007539504,0.004889652,-0.0007232241,0.01803782,-0.02177442
2.643675,-0.1284876,0.0007583094,0.004887412,-0.0007216707,0.01803543,-0.02177064
2.643675,-0.1284974,0.0007678533,0.004887559,-0.000720609,0.01803637,-0.02177226
2.643675,-0.1285128,0.0007690037,0.004884508,-0.0007197708,0.0180384,-0.02177534
2.643675,-0.1285033,0.0007730025,0.004887216,-0.0007192455,0.01803795,-0.02177418
2.643675,-0.1284799,0.0007825494,0.004883188,-0.0007172711,0.01803515,-0.02176975
2.643675,-0.1284835,0.0007795738,0.004879137,-0.0007170253,0.01803487,-0.02176976
2.643675,-0.1284993,0.0007738299,0.004876708,-0.0007177107,0.01803683,-0.02177283
2.643675,-0.128495,0.0007755103,0.004879666,-0.0007180497,0.01803668,-0.02177234
2.643675,-0.1284783,0.0007686554,0.004874978,-0.0007180013,0.01803445,-0.02176899
2.643675,-0.1284725,0.0007666596,0.004871565,-0.0007177554,0.01803371,-0.02176785
2.643675,-0.1284921,0.0007634005,0.004867747,-0.0007176176,0.01803597,-0.02177146
2.643675,-0.1284938,0.0007705833,0.004871782,-0.000717245,0.01803618,-0.02177178
2.643675,-0.1284811,0.0007601544,0.004876243,-0.0007187985,0.01803503,-0.02176974
2.643675,-0.1284741,0.0007708637,0.004862639,-0.0007159933,0.01803393,-0.02176816
2.643675,-0.1284839,0.0007674963,0.004859169,-0.0007158853,0.01803489,-0.02176982
2.643675,-0.1284953,0.0007712358,0.004860761,-0.0007153861,0.01803637,-0.02177206
2.643675,-0.1284952,0.0007675415,0.004860829,-0.0007159673,0.01803646,-0.02177214
2.643675,-0.128481,0.0007766886,0.004867613,-0.0007157959,0.01803473,-0.02176944
2.643675,-0.1284863,0.0007724579,0.00486621,-0.0007164553,0.0180352,-0.02177029
2.643675,-0.1284956,0.0007754243,0.004870386,-0.0007162169,0.01803646,-0.02177217
2.643675,-0.1284965,0.000786104,0.004873555,-0.0007154532,0.01803646,-0.02177224
2.643675,-0.1284879,0.0007750491,0.004871665,-0.0007165,0.01803555,-0.02177074
2.643675,-0.1284903,0.0007714136,0.004872294,-0.0007173456,0.01803575,-0.02177112
2.643675,-0.1284996,0.0007776137,0.004869313,-0.0007159114,0.01803687,-0.02177287
2.643675,-0.1285109,0.0007752086,0.00486703,-0.0007156022,0.01803828,-0.02177505
2.643675,-0.128505,0.0007783136,0.004862267,-0.000714615,0.01803755,-0.0217739
2.643675,-0.128507,0.000769378,0.00486511,-0.0007162541,0.01803787,-0.02177437
2.643675,-0.1285172,0.0007678975,0.004869483,-0.0007172301,0.01803881,-0.02177605
2.643675,-0.1285182,0.0007697239,0.004873616,-0.0007177144,0.0180394,-0.02177668
2.643675,-0.1284944,0.0007721023,0.004863544,-0.0007156134,0.01803667,-0.02177227
2.643675,-0.1284923,0.0007707775,0.004858251,-0.0007151738,0.01803601,-0.0217715
2.643675,-0.1285152,0.0007705609,0.004856668,-0.000714615,0.01803874,-0.02177581
2.643675,-0.1285365,0.0007703009,0.004859502,-0.0007152967,0.01804128,-0.02177982
2.643675,-0.1285126,0.0007694142,0.004849197,-0.0007134527,0.01803916,-0.02177599
2.643675,-0.128495,0.0007707581,0.00485288,-0.0007140785,0.01803637,-0.02177203
2.643675,-0.1284943,0.0007786998,0.004852102,-0.0007128976,0.01803626,-0.02177187
2.643675,-0.1285131,0.0007877797,0.004852686,-0.0007121637,0.01803838,-0.02177529
2.643675,-0.1285105,0.0007904962,0.004861093,-0.0007127821,0.0180382,-0.02177493
2.643675,-0.1284891,0.0007903875,0.00485495,-0.0007116869,0.01803577,-0.021771
2.643675,-0.1284957,0.0007975094,0.004857081,-0.0007110983,0.01803626,-0.02177196
2.643675,-0.1285233,0.0008018181,0.004860096,-0.000711035,0.01803924,-0.02177687
2.643675,-0.1285182,0.0008015927,0.004856326,-0.0007105246,0.01803951,-0.02177672
2.643675,-0.1284947,0.0008021478,0.004863491,-0.0007114075,0.01803658,-0.02177218
2.643675,-0.1284894,0.0008022642,0.004860866,-0.0007109381,0.0180357,-0.02177094
2.643675,-0.1285237,0.000805083,0.004869337,-0.0007121041,0.01803924,-0.02177691
2.643675,-0.1285382,0.0008016191,0.004872315,-0.0007129684,0.01804146,-0.0217801
2.643675,-0.1285146,0.0008043314,0.004876122,-0.0007135719,0.01803906,-0.02177605
2.643675,-0.1284895,0.0008054057,0.004877301,-0.0007126778,0.01803608,-0.02177131
2.643675,-0.1285007,0.0008104013,0.004868863,-0.0007111952,0.01803654,-0.02177261
2.643675,-0.1285153,0.0008094074,0.004871092,-0.0007115006,0.01803868,-0.02177573
2.643675,-0.128504,0.0008028792,0.004869802,-0.0007127821,0.0180377,-0.02177395
2.643675,-0.1284885,0.0008037074,0.004871949,-0.0007126182,0.01803558,-0.02177077
2.643675,-0.1284905,0.0008074229,0.004867692,-0.0007124394,0.01803546,-0.02177082
2.643675,-0.1285123,0.0008139503,0.004877066,-0.0007119365,0.01803833,-0.02177517
2.643675,-0.1284958,0.0008056869,0.004877006,-0.0007131845,0.0180368,-0.02177248
2.643675,-0.1284703,0.0008130197,0.004873918,-0.0007117614,0.01803364,-0.02176756
2.643675,-0.1284852,0.0008104806,0.004877052,-0.0007122792,0.01803498,-0.02176997
2.643675,-0.1285023,0.0008111511,0.004882019,-0.000713259,0.01803685,-0.02177304
2.643675,-0.1285107,0.0008110967,0.004881334,-0.00071311,0.01803832,-0.02177504
2.643675,-0.1284741,0.0008106647,0.004884281,-0.0007135831,0.01803445,-0.02176861
2.643675,-0.1284612,0.0008100158,0.004880683,-0.0007131621,0.01803227,-0.02176559
2.643675,-0.12848,0.0008186445,0.004875459,-0.0007114187,0.01803438,-0.02176899
2.643675,-0.1284915,0.0008293397,0.004880923,-0.0007103384,0.01803601,-0.02177139
2.643675,-0.1284759,0.0008225681,0.004876031,-0.0007106997,0.01803425,-0.02176854
2.643675,-0.1284596,0.0008321252,0.00487952,-0.0007103123,0.01803205,-0.02176523
2.643675,-0.1284715,0.0008318445,0.004874668,-0.0007095039,0.01803336,-0.02176737
2.643675,-0.128488,0.0008246184,0.004875275,-0.0007103048,0.01803555,-0.02177068
2.643675,-0.1284728,0.0008255598,0.004876098,-0.0007104725,0.01803391,-0.02176799
2.643675,-0.1284687,0.0008323814,0.004880682,-0.0007102974,0.01803298,-0.0217668
2.643675,-0.1284843,0.000831622,0.004879604,-0.0007099248,0.01803492,-0.02176981
2.643675,-0.1285024,0.0008295692,0.004878356,-0.0007100776,0.01803709,-0.02177323
2.643675,-0.1284853,0.0008255969,0.004875239,-0.0007100441,0.01803534,-0.02177029
2.643675,-0.1284558,0.0008210556,0.004888963,-0.0007128194,0.01803234,-0.02176523
2.643675,-0.1284687,0.0008165326,0.004881605,-0.0007125884,0.01803313,-0.02176696
2.643675,-0.1284863,0.0008116664,0.004880677,-0.000712987,0.01803531,-0.02177035
2.643675,-0.1284821,0.0008137181,0.004879682,-0.0007124878,0.01803508,-0.02176981
2.643675,-0.1284648,0.0008193629,0.00487813,-0.0007115081,0.01803279,-0.02176634
2.643675,-0.128456,0.0008254043,0.004869117,-0.0007091239,0.01803177,-0.02176468
2.643675,-0.1284597,0.0008194438,0.004865394,-0.0007093325,0.0180322,-0.02176538
2.643675,-0.1284581,0.0008231631,0.004867621,-0.0007091202,0.01803206,-0.02176511
2.643675,-0.1284551,0.0008271788,0.004862797,-0.0007078126,0.01803165,-0.0217645
2.643675,-0.12846,0.0008285395,0.004860542,-0.0007071234,0.0180319,-0.02176511
2.643675,-0.1284732,0.0008306724,0.004853847,-0.0007059388,0.01803364,-0.02176774
2.643675,-0.1284665,0.0008273401,0.004859812,-0.0007072128,0.01803306,-0.02176669
2.643675,-0.1284457,0.0008368972,0.004860382,-0.0007056706,0.01803072,-0.02176289
2.643675,-0.1284384,0.0008347252,0.004858493,-0.0007059239,0.01802974,-0.02176142
2.643675,-0.1284486,0.0008286033,0.004857619,-0.000706505,0.0180304,-0.02176282
2.643675,-0.1284607,0.0008420033,0.004859034,-0.000704404,0.01803202,-0.02176525
2.643675,-0.1284648,0.0008417976,0.00485826,-0.0007053465,0.01803287,-0.02176636
2.643675,-0.1284418,0.0008329153,0.004858461,-0.0007062517,0.01803011,-0.02176202
2.643675,-0.1284442,0.0008233799,0.004856791,-0.0007070415,0.01803028,-0.02176238
2.643675,-0.1284484,0.0008326054,0.004861226,-0.0007062778,0.01803109,-0.02176344
2.643675,-0.12845,0.0008249508,0.004868499,-0.0007090122,0.01803109,-0.02176359
2.643675,-0.1284286,0.0008289349,0.004867826,-0.0007083118,0.01802864,-0.02175965
2.643675,-0.1284276,0.0008333001,0.004866301,-0.000707455,0.01802837,-0.02175932
2.643675,-0.1284387,0.0008425804,0.004860926,-0.0007053018,0.01802971,-0.0217614
2.643675,-0.1284322,0.0008442025,0.004852015,-0.0007040016,0.01802943,-0.02176063
2.643675,-0.1284112,0.0008385203,0.004847838,-0.0007032976,0.01802686,-0.02175661
2.643675,-0.1284068,0.0008372161,0.004848037,-0.0007036738,0.01802596,-0.02175543
2.643675,-0.128421,0.0008434646,0.004851202,-0.000703875,0.01802726,-0.02175775
2.643675,-0.1284332,0.0008417743,0.004855707,-0.0007042773,0.01802923,-0.02176053
2.643675,-0.1284212,0.000840532,0.004852458,-0.0007044375,0.01802782,-0.02175828
2.643675,-0.1283969,0.0008399072,0.004846784,-0.0007032081,0.01802488,-0.02175366
2.643675,-0.1284066,0.0008417809,0.004840248,-0.0007017478,0.01802562,-0.02175509
2.643675,-0.1284184,0.0008350601,0.004843136,-0.0007030033,0.01802742,-0.02175769
2.643675,-0.1284217,0.0008390814,0.004839108,-0.0007022619,0.01802805,-0.02175852
2.643675,-0.1284086,0.0008312346,0.004843196,-0.000703834,0.01802627,-0.02175587
2.643675,-0.1284022,0.0008305949,0.004844305,-0.0007037073,0.01802552,-0.02175467
2.643675,-0.1284127,0.00083069,0.004835711,-0.0007028244,0.01802673,-0.02175661
2.643675,-0.1284155,0.000834441,0.004833186,-0.0007016994,0.01802697,-0.02175704
2.643675,-0.1283963,0.0008278418,0.004831474,-0.0007023066,0.01802493,-0.02175366
2.643675,-0.128383,0.0008202243,0.004825013,-0.0007025935,0.01802304,-0.02175088
2.643675,-0.1284132,0.0008337719,0.004824115,-0.0007003024,0.0180267,-0.0217566
2.643675,-0.1284148,0.0008321566,0.004825433,-0.0007005855,0.01802692,-0.02175693
2.643675,-0.1283955,0.0008442087,0.004814684,-0.0006981082,0.0180249,-0.02175354
2.643675,-0.1283741,0.000845593,0.004814058,-0.0006969869,0.01802225,-0.02174941
2.643675,-0.1283832,0.000853564,0.004811893,-0.0006957576,0.01802313,-0.02175093
2.643675,-0.1284064,0.0008650747,0.00480868,-0.000693772,0.01802571,-0.02175511
2.643675,-0.1283968,0.0008596411,0.004815452,-0.0006952733,0.01802511,-0.02175381
2.643675,-0.1283789,0.0008667174,0.00481572,-0.0006946251,0.01802292,-0.02175038
2.643675,-0.1283892,0.0008667272,0.004805511,-0.0006921403,0.01802341,-0.02175163
2.643675,-0.1284058,0.0008596395,0.004808552,-0.0006937198,0.0180261,-0.02175542
2.643675,-0.128392,0.0008587221,0.004810666,-0.0006943755,0.01802441,-0.02175278
2.643675,-0.1283692,0.0008568479,0.004814181,-0.0006953143,0.01802168,-0.02174848
2.643675,-0.1283759,0.0008650743,0.004818374,-0.0006947815,0.0180222,-0.02174948
2.643675,-0.1283988,0.000871225,0.004812574,-0.0006930642,0.01802511,-0.02175394
2.643675,-0.1283959,0.0008670535,0.00481073,-0.0006933361,0.01802476,-0.0217534
2.643675,-0.1283605,0.0008689528,0.004808971,-0.0006928705,0.01802147,-0.02174759
2.643675,-0.12836,0.0008679316,0.004804913,-0.0006919578,0.01802012,-0.0217463
2.643675,-0.1283773,0.0008546945,0.004809089,-0.0006942526,0.01802228,-0.02174967
2.643675,-0.1283822,0.0008668898,0.004814792,-0.0006940514,0.01802301,-0.02175071
2.643675,-0.1283648,0.0008621687,0.004810479,-0.0006938651,0.01802142,-0.02174789
2.643675,-0.1283512,0.0008756053,0.004805909,-0.0006913319,0.01801945,-0.02174499
2.643675,-0.1283693,0.0008866744,0.004804621,-0.0006892718,0.01802142,-0.02174821
2.643675,-0.1283747,0.0008903589,0.004805319,-0.0006890669,0.01802238,-0.02174952
2.643675,-0.1283546,0.0008977313,0.004810246,-0.0006888919,0.01802011,-0.02174584
2.643675,-0.1283352,0.0009006849,0.004801962,-0.0006871559,0.01801772,-0.02174211
2.643675,-0.1283512,0.0008947946,0.00479353,-0.0006863959,0.01801919,-0.02174471
2.643675,-0.1283601,0.0008954598,0.004794325,-0.0006864704,0.01802059,-0.0217467
2.643675,-0.1283479,0.0008966179,0.004793147,-0.0006864741,0.01801953,-0.02174476
2.643675,-0.1283256,0.0008988902,0.004786401,-0.0006849766,0.0180169,-0.02174058
2.643675,-0.1283297,0.000895501,0.004785459,-0.0006850436,0.01801692,-0.02174092
2.643675,-0.1283501,0.0008982459,0.004783463,-0.0006842501,0.01801934,-0.02174475
2.643675,-0.1283445,0.00089082,0.004787694,-0.0006855913,0.01801888,-0.02174389
2.643675,-0.1283249,0.0008840677,0.004787958,-0.0006869398,0.01801642,-0.02174011
2.643675,-0.1283289,0.0008863052,0.004792789,-0.0006873235,0.01801651,-0.0217405
2.643675,-0.1283492,0.0008860924,0.004790383,-0.0006871037,0.0180191,-0.02174448
2.643675,-0.1283515,0.0008806792,0.004789078,-0.0006876588,0.01801957,-0.0217451
2.643675,-0.1283279,0.0008800413,0.004791219,-0.0006881133,0.01801682,-0.02174071
2.643675,-0.1283285,0.0008796119,0.004791392,-0.0006885678,0.01801657,-0.02174054
2.643675,-0.1283482,0.0008810028,0.004788329,-0.0006877705,0.01801879,-0.02174412
2.643675,-0.1283523,0.000883976,0.004790008,-0.0006872229,0.01801953,-0.02174512
2.643675,-0.1283288,0.0008813215,0.004790952,-0.0006879419,0.01801693,-0.02174088
2.643675,-0.1283176,0.000883181,0.004793646,-0.0006881282,0.0180155,-0.02173869
2.643675,-0.1283323,0.0008948693,0.004793743,-0.0006864071,0.01801718,-0.02174138
2.643675,-0.1283456,0.0008888668,0.004796395,-0.0006878003,0.01801884,-0.02174396
2.643675,-0.1283276,0.0008879517,0.004799462,-0.0006877407,0.01801705,-0.0217409
2.643675,-0.1283091,0.000876443,0.004789632,-0.0006883182,0.0180146,-0.0217372
2.643675,-0.1283184,0.0008794653,0.004795155,-0.000688985,0.01801552,-0.02173878
2.643675,-0.1283416,0.0008834145,0.004800059,-0.0006891079,0.01801827,-0.02174312
2.643675,-0.1283268,0.000876606,0.004803905,-0.0006906241,0.01801717,-0.02174097
2.643675,-0.1283097,0.000875341,0.004807304,-0.0006915294,0.01801458,-0.02173725
2.643675,-0.1283098,0.0008761792,0.004807962,-0.0006919466,0.01801454,-0.02173723
2.643675,-0.1283298,0.000872091,0.004812653,-0.0006928965,0.01801693,-0.021741
2.643675,-0.1283332,0.000860639,0.004820971,-0.0006950349,0.01801742,-0.02174173
2.643675,-0.1283206,0.0008612388,0.004831473,-0.0006971285,0.01801598,-0.02173943
2.643675,-0.1283192,0.0008612619,0.004825705,-0.0006966516,0.01801552,-0.0217389
2.643675,-0.1283337,0.000859357,0.004823124,-0.0006964542,0.01801696,-0.02174136
2.643675,-0.1283379,0.00086279,0.00482465,-0.0006961487,0.01801796,-0.02174261
2.643675,-0.1283147,0.0008667035,0.004825095,-0.000695549,0.0180156,-0.02173861
2.643675,-0.128311,0.0008673973,0.004820796,-0.0006951727,0.01801474,-0.02173752
2.643675,-0.1283297,0.0008600333,0.00482064,-0.0006955415,0.01801648,-0.02174059
2.643675,-0.1283398,0.0008653213,0.004822676,-0.0006956458,0.01801805,-0.02174283
2.643675,-0.1283344,0.0008677131,0.004819093,-0.0006946065,0.01801747,-0.02174186
2.643675,-0.1283111,0.0008678249,0.004826592,-0.0006959178,0.01801488,-0.02173767
2.643675,-0.1283115,0.0008564753,0.004822941,-0.0006964915,0.01801478,-0.02173761
2.643675,-0.1283358,0.0008521368,0.004820418,-0.0006967597,0.01801722,-0.02174176
2.643675,-0.1283282,0.0008517159,0.004820887,-0.0006967746,0.01801714,-0.0217411
2.643675,-0.12831,0.0008514747,0.004821217,-0.0006971844,0.01801459,-0.02173733
2.643675,-0.1283141,0.0008624395,0.004821246,-0.0006957985,0.01801504,-0.02173805
2.643675,-0.1283289,0.0008629623,0.004834132,-0.0006978102,0.0180166,-0.02174065
2.643675,-0.1283289,0.0008656101,0.004837268,-0.0006976463,0.01801734,-0.02174134
2.643675,-0.1283129,0.0008705838,0.004830918,-0.0006962493,0.01801508,-0.02173799
2.643675,-0.1282996,0.0008716193,0.004834467,-0.0006967634,0.01801354,-0.02173554
2.643675,-0.1283159,0.0008688412,0.004841452,-0.0006977618,0.01801521,-0.02173835
2.643675,-0.1283247,0.0008579869,0.004840919,-0.0006993078,0.01801614,-0.02173991
2.643675,-0.1283153,0.0008649071,0.004840715,-0.0006987154,0.01801529,-0.02173839
2.643675,-0.1283005,0.0008617609,0.004835625,-0.0006981567,0.01801341,-0.02173549
2.643675,-0.1283031,0.0008588788,0.004833079,-0.0006981902,0.01801373,-0.021736
2.643675,-0.1283133,0.0008670936,0.004830821,-0.0006967708,0.01801487,-0.02173783
2.643675,-0.1283099,0.0008757458,0.004827511,-0.0006948933,0.01801461,-0.02173732
2.643675,-0.128303,0.0008729398,0.004827193,-0.0006951503,0.01801377,-0.021736
2.643675,-0.1283065,0.0008740078,0.004818282,-0.0006940104,0.01801412,-0.02173659
2.643675,-0.1283145,0.0008643282,0.004821454,-0.000695046,0.01801527,-0.02173828
2.643675,-0.1283137,0.0008667005,0.00481722,-0.0006944276,0.01801505,-0.02173802
2.643675,-0.1283001,0.0008711279,0.004815089,-0.0006934293,0.01801342,-0.02173544
2.643675,-0.1282979,0.0008758674,0.00481818,-0.0006936453,0.01801319,-0.02173505
2.643675,-0.1283151,0.0008886426,0.004818056,-0.0006912127,0.01801481,-0.02173787
2.643675,-0.1283184,0.0008871353,0.004813674,-0.0006909743,0.01801569,-0.02173895
2.643675,-0.1283009,0.0008871077,0.00481208,-0.0006907694,0.01801362,-0.02173566
2.643675,-0.1282928,0.0008966615,0.00480948,-0.0006892011,0.01801261,-0.02173408
2.643675,-0.128306,0.0008950235,0.004812615,-0.0006896518,0.01801413,-0.02173653
2.643675,-0.1283242,0.0008963991,0.004812608,-0.000689473,0.01801628,-0.02173993
2.643675,-0.1283105,0.0009187622,0.004808973,-0.0006864481,0.01801519,-0.02173783
2.643675,-0.1282928,0.0009334616,0.004806089,-0.0006835572,0.01801277,-0.02173419
2.643675,-0.1283007,0.0009373074,0.004804215,-0.0006820485,0.01801334,-0.02173533
2.643675,-0.1283163,0.0009422321,0.004812494,-0.0006830096,0.01801539,-0.02173844
2.643675,-0.128305,0.0009407368,0.00481545,-0.00068314,0.01801422,-0.02173648
2.643675,-0.1282846,0.0009395356,0.004813791,-0.0006836392,0.01801161,-0.02173248
2.643675,-0.1283017,0.0009346894,0.004821057,-0.000685256,0.01801309,-0.02173519
2.643675,-0.1283229,0.0009362155,0.004824655,-0.0006859601,0.01801598,-0.02173952
2.643675,-0.1283152,0.0009444455,0.004826525,-0.0006849654,0.01801565,-0.0217386
2.643675,-0.1282919,0.0009470536,0.004824862,-0.0006844886,0.01801261,-0.02173398
2.643675,-0.1282886,0.000943568,0.004829376,-0.0006854832,0.018012,-0.02173316
2.643675,-0.1283141,0.0009536971,0.004828113,-0.0006842017,0.01801475,-0.02173769
2.643675,-0.128316,0.0009474905,0.004830877,-0.0006849207,0.0180155,-0.02173853
2.643675,-0.1282941,0.0009508588,0.004824487,-0.0006841384,0.01801337,-0.02173485
2.643675,-0.1282836,0.0009492629,0.004817646,-0.0006828755,0.01801152,-0.02173231
2.643675,-0.1283055,0.0009639327,0.00481888,-0.0006813221,0.01801373,-0.02173605
2.643675,-0.1283078,0.0009649068,0.004818507,-0.0006808378,0.01801439,-0.02173683
2.643675,-0.1282778,0.0009606625,0.004818959,-0.0006815717,0.01801118,-0.02173153
2.643675,-0.1282646,0.0009558283,0.004814917,-0.0006816052,0.01800949,-0.02172894
2.643675,-0.1282831,0.0009660956,0.0048091,-0.0006795861,0.0180112,-0.02173194
2.643675,-0.1283002,0.0009629337,0.004811544,-0.0006798916,0.01801343,-0.02173536
2.643675,-0.1282868,0.0009681865,0.004800842,-0.0006777048,0.01801219,-0.02173314
2.643675,-0.1282678,0.0009696139,0.004806485,-0.0006778985,0.0180098,-0.02172945
2.643675,-0.1282856,0.0009756263,0.004807351,-0.0006775372,0.0180114,-0.02173232
2.643675,-0.1283031,0.0009770257,0.004802817,-0.000676278,0.0180139,-0.02173598
2.643675,-0.1282962,0.0009792056,0.004800211,-0.0006759576,0.01801342,-0.021735
2.643675,-0.1282672,0.0009808823,0.004792825,-0.0006749108,0.01801,-0.02172957
2.643675,-0.1282787,0.0009926412,0.004791009,-0.0006723069,0.01801023,-0.02173066
2.643675,-0.1283045,0.001008152,0.004794182,-0.0006706603,0.01801364,-0.02173581
2.643675,-0.1283025,0.001003415,0.004790576,-0.000670664,0.01801392,-0.02173591
2.643675,-0.1282876,0.0009976872,0.004792677,-0.0006718338,0.0180121,-0.02173308
2.643675,-0.1282791,0.0009926808,0.004790423,-0.0006721579,0.01801104,-0.02173144
2.643675,-0.1282991,0.0009958014,0.004796553,-0.0006731711,0.01801312,-0.02173492
2.643675,-0.1283053,0.00100596,0.004799288,-0.0006716326,0.01801419,-0.02173639
2.643675,-0.1282781,0.001012291,0.004792885,-0.0006701984,0.01801186,-0.0217321
2.643675,-0.1282674,0.001007948,0.004790784,-0.0006698519,0.01800933,-0.02172892
2.643675,-0.1282847,0.001012002,0.004794023,-0.0006697401,0.01801147,-0.02173226
2.643675,-0.1282976,0.001012707,0.004794997,-0.0006699823,0.01801323,-0.02173488
2.643675,-0.1282839,0.001029201,0.004803196,-0.0006687045,0.01801201,-0.02173268
2.643675,-0.1282735,0.00103549,0.004802035,-0.0006681271,0.01801042,-0.02173039
2.643675,-0.1282882,0.001039686,0.004800887,-0.0006670468,0.01801161,-0.02173263
2.643675,-0.1283025,0.001044726,0.004798536,-0.0006664917,0.01801364,-0.02173562
2.643675,-0.1282955,0.001047346,0.004796204,-0.0006655529,0.01801326,-0.02173471
2.643675,-0.1282804,0.001046397,0.004795696,-0.0006654076,0.0180115,-0.02173191
2.643675,-0.128281,0.001046191,0.004794714,-0.0006653517,0.01801126,-0.02173173
2.643675,-0.1282976,0.001050187,0.004792643,-0.000664562,0.0180132,-0.02173482
2.643675,-0.128293,0.001047609,0.004789439,-0.0006641783,0.01801294,-0.02173422
2.643675,-0.128277,0.001049221,0.004789365,-0.0006638989,0.01801101,-0.02173118
2.643675,-0.1282723,0.001040951,0.004786837,-0.0006646477,0.0180102,-0.02173007
2.643675,-0.1282813,0.001035776,0.004786483,-0.0006652139,0.01801139,-0.02173188
2.643675,-0.1282851,0.0010418,0.004785558,-0.000664454,0.01801187,-0.02173261
2.643675,-0.1282766,0.001042303,0.004785234,-0.0006643645,0.01801082,-0.02173097
2.643675,-0.1282689,0.001046811,0.004783319,-0.0006635375,0.01801016,-0.02172976
2.643675,-0.1282728,0.001041596,0.004780508,-0.0006638281,0.01801012,-0.02173003
2.643675,-0.128289,0.001042017,0.004776609,-0.0006629564,0.01801226,-0.02173327
2.643675,-0.1282814,0.00104861,0.004781593,-0.0006627776,0.01801173,-0.02173218
2.643675,-0.1282637,0.001045688,0.00477388,-0.000661809,0.01800925,-0.0217285
2.643675,-0.1282736,0.001049321,0.004781599,-0.0006626733,0.01801027,-0.02173023
2.643675,-0.1282892,0.001047461,0.004782562,-0.0006628856,0.01801224,-0.02173326
2.643675,-0.1282792,0.001051717,0.004780983,-0.0006621666,0.01801123,-0.02173154
2.643675,-0.1282679,0.001063535,0.004783403,-0.0006611496,0.01800974,-0.02172928
2.643675,-0.1282692,0.001072204,0.004779667,-0.0006591007,0.01800979,-0.02172941
2.643675,-0.1282853,0.001076509,0.004781538,-0.0006588586,0.01801183,-0.02173254
2.643675,-0.1282846,0.001073632,0.004776417,-0.0006584376,0.01801188,-0.02173254
2.643675,-0.1282656,0.001082043,0.004771839,-0.0006568804,0.01800972,-0.02172905
2.643675,-0.1282576,0.001091897,0.004772648,-0.0006551705,0.01800862,-0.0217274
2.643675,-0.1282802,0.001105795,0.004774441,-0.0006535053,0.01801132,-0.02173164
2.643675,-0.1282813,0.001106561,0.004767794,-0.0006523319,0.01801142,-0.02173182
2.643675,-0.1282581,0.001105054,0.004767669,-0.0006524809,0.01800901,-0.02172778
2.643675,-0.1282529,0.001097599,0.004763952,-0.0006529912,0.01800794,-0.02172639
2.643675,-0.1282624,0.001100382,0.004769141,-0.0006530993,0.01800906,-0.02172817
2.643675,-0.1282738,0.001102032,0.004769618,-0.000653185,0.01801056,-0.02173044
2.643675,-0.1282566,0.001102229,0.004774956,-0.00065412,0.01800907,-0.02172773
2.643675,-0.1282504,0.001095292,0.004770983,-0.0006543174,0.01800778,-0.02172605
2.643675,-0.1282614,0.001096179,0.004775798,-0.0006553009,0.01800886,-0.02172791
2.643675,-0.1282825,0.001099914,0.004777295,-0.0006547607,0.01801147,-0.02173197
2.643675,-0.128276,0.001097852,0.004776247,-0.0006547421,0.01801121,-0.02173122
2.643675,-0.1282596,0.00110346,0.004771219,-0.0006540343,0.01800918,-0.02172806
2.643675,-0.1282649,0.001104763,0.004776301,-0.0006539449,0.01800945,-0.02172872
2.643675,-0.1282868,0.001092463,0.004771123,-0.0006545484,0.01801212,-0.02173291
2.643675,-0.1282847,0.001090949,0.00476868,-0.0006546974,0.01801189,-0.02173253
2.643675,-0.1282716,0.001095075,0.004769263,-0.0006536171,0.01801058,-0.02173029
2.643675,-0.1282668,0.001094797,0.004773388,-0.0006543957,0.01800941,-0.02172885
2.643675,-0.1282846,0.00109722,0.0047776,-0.0006551407,0.01801145,-0.02173212
2.643675,-0.1282936,0.001108132,0.004778775,-0.0006538555,0.01801293,-0.02173418
2.643675,-0.1282741,0.00111736,0.004776154,-0.000652723,0.01801092,-0.02173079
2.643675,-0.1282595,0.001119102,0.004778245,-0.0006523244,0.01800883,-0.02172771
2.643675,-0.1282822,0.001125309,0.00478259,-0.000651978,0.01801132,-0.02173179
2.643675,-0.1282985,0.001130844,0.004784881,-0.0006518327,0.01801345,-0.02173503
2.643675,-0.1282831,0.00113504,0.004783365,-0.0006509349,0.0180117,-0.0217322
2.643675,-0.128266,0.001132628,0.00478262,-0.0006516017,0.01800955,-0.02172888
2.643675,-0.128269,0.001135742,0.004786443,-0.0006515384,0.01801,-0.02172953
2.643675,-0.1282911,0.001135635,0.004792109,-0.0006522983,0.01801255,-0.02173361
2.643675,-0.128281,0.00113714,0.004789191,-0.0006521717,0.01801169,-0.02173203
2.643675,-0.1282682,0.001143916,0.004795197,-0.0006517842,0.01800989,-0.02172937
2.643675,-0.1282697,0.00115134,0.00479288,-0.0006503835,0.01800982,-0.02172941
2.643675,-0.1282966,0.001150723,0.004793773,-0.0006504431,0.01801285,-0.0217343
2.643675,-0.1282934,0.001148004,0.004795959,-0.0006514303,0.01801305,-0.02173425
2.643675,-0.1282669,0.001143844,0.004799245,-0.0006527416,0.01801012,-0.02172948
2.643675,-0.128264,0.001141716,0.004798874,-0.0006526224,0.01800917,-0.02172838
2.643675,-0.1282896,0.001143316,0.004794347,-0.0006516948,0.01801223,-0.02173321
2.643675,-0.1282923,0.001156617,0.004791933,-0.0006495975,0.01801277,-0.02173389
2.643675,-0.128277,0.001151465,0.004789907,-0.0006497577,0.01801105,-0.02173111
2.643675,-0.1282749,0.001157986,0.004791767,-0.0006491877,0.01801055,-0.02173047
2.643675,-0.1282889,0.001163884,0.004793157,-0.0006488115,0.01801198,-0.02173289
2.643675,-0.1283036,0.001166442,0.004794143,-0.0006484129,0.01801411,-0.02173601
2.643675,-0.1282916,0.001168381,0.004788916,-0.0006470606,0.01801314,-0.02173416
2.643675,-0.1282881,0.001164947,0.004791087,-0.0006481484,0.01801226,-0.02173308
2.643675,-0.1283063,0.00115804,0.004792371,-0.0006493032,0.01801431,-0.0217364
2.643675,-0.1283174,0.001148328,0.004804241,-0.0006518103,0.01801577,-0.02173864
2.643675,-0.1283064,0.001157537,0.004804614,-0.0006514192,0.01801441,-0.02173652
2.643675,-0.1282968,0.001174519,0.00480229,-0.0006487891,0.01801332,-0.02173474
2.643675,-0.1283079,0.001175431,0.004806193,-0.0006488748,0.0180142,-0.02173643
2.643675,-0.1283164,0.00117212,0.004802612,-0.000649143,0.01801555,-0.02173833
2.643675,-0.128307,0.001168065,0.004797418,-0.0006484203,0.01801465,-0.02173677
2.643675,-0.1282947,0.001165909,0.004795632,-0.0006482452,0.01801308,-0.02173436
2.643675,-0.1282971,0.001171192,0.004799352,-0.0006487444,0.01801322,-0.02173467
2.643675,-0.1283174,0.001170819,0.004800304,-0.0006486624,0.01801561,-0.02173847
2.643675,-0.1283223,0.001176415,0.004803886,-0.0006487072,0.01801649,-0.02173966
2.643675,-0.1283104,0.001170212,0.004801975,-0.0006490834,0.01801497,-0.02173733
2.643675,-0.1283063,0.001169301,0.004805294,-0.0006496347,0.01801434,-0.02173643
2.643675,-0.1283245,0.00115827,0.004804931,-0.0006507598,0.01801621,-0.02173959
2.643675,-0.1283305,0.001172968,0.004802165,-0.0006490424,0.01801723,-0.02174099
2.643675,-0.1283156,0.001165215,0.004796383,-0.0006489679,0.0180155,-0.02173823
2.643675,-0.1283107,0.001172591,0.004795232,-0.0006480329,0.01801487,-0.02173725
2.643675,-0.1283294,0.001178906,0.0047928,-0.0006464273,0.01801695,-0.02174062
2.643675,-0.1283425,0.001181235,0.004791785,-0.0006459132,0.01801878,-0.02174334
2.643675,-0.128333,0.001180268,0.004788781,-0.0006455667,0.01801777,-0.02174167
2.643675,-0.1283205,0.001177346,0.004788119,-0.0006459355,0.01801607,-0.02173911
2.643675,-0.1283296,0.001176584,0.004780867,-0.0006449521,0.0180169,-0.02174059
2.643675,-0.1283416,0.00117974,0.004786419,-0.0006452315,0.01801854,-0.02174304
2.643675,-0.1283356,0.001179373,0.004793143,-0.0006460994,0.01801814,-0.0217422
2.643675,-0.1283214,0.001178679,0.004793936,-0.0006463639,0.01801634,-0.02173943
2.643675,-0.1283242,0.001180086,0.004788462,-0.0006455481,0.01801654,-0.02173983
2.643675,-0.1283357,0.001183243,0.004785224,-0.0006445646,0.01801791,-0.021742
2.643675,-0.1283316,0.001185795,0.004785818,-0.0006442107,0.01801755,-0.02174133
2.643675,-0.1283192,0.001190789,0.004776773,-0.0006424114,0.01801626,-0.02173917
2.643675,-0.1283141,0.001180513,0.004779392,-0.0006438829,0.01801519,-0.02173779
2.643675,-0.1283268,0.001172567,0.004779023,-0.0006450415,0.01801667,-0.02174016
2.643675,-0.1283379,0.00118116,0.004773276,-0.0006434619,0.01801813,-0.02174237
2.643675,-0.1283271,0.001179973,0.004778373,-0.0006437749,0.01801699,-0.02174047
2.643675,-0.1283125,0.00117869,0.004773493,-0.0006431378,0.01801519,-0.02173766
2.643675,-0.1283111,0.001172805,0.004773655,-0.0006436221,0.01801505,-0.02173743
2.643675,-0.1283249,0.001182124,0.004777538,-0.0006434098,0.01801664,-0.02173997
2.643675,-0.1283258,0.001170511,0.00478104,-0.0006453246,0.01801698,-0.02174037
2.643675,-0.1283078,0.001162543,0.004773037,-0.0006455891,0.0180147,-0.02173686
2.643675,-0.1283074,0.001172223,0.004773726,-0.0006441623,0.01801449,-0.02173662
2.643675,-0.1283248,0.001177354,0.004778097,-0.0006439164,0.0180165,-0.02173984
2.643675,-0.1283338,0.001172078,0.004779159,-0.0006451309,0.01801778,-0.02174173
2.643675,-0.1283114,0.001171235,0.004784371,-0.0006463565,0.01801563,-0.02173799
2.643675,-0.1283172,0.001177263,0.004773729,-0.0006436594,0.01801549,-0.02173832
2.643675,-0.1283348,0.001178426,0.004777333,-0.0006440915,0.01801726,-0.02174132
2.643675,-0.128336,0.001180218,0.004783959,-0.0006446056,0.01801806,-0.02174215
2.643675,-0.1283198,0.001193045,0.00478035,-0.0006426014,0.01801627,-0.02173922
2.643675,-0.1283045,0.001188644,0.004784907,-0.0006435476,0.01801425,-0.02173616
2.643675,-0.1283242,0.001184602,0.004789168,-0.0006450862,0.0180162,-0.02173952
2.643675,-0.1283355,0.001189467,0.004787733,-0.0006439947,0.0180178,-0.02174187
2.643675,-0.1283236,0.001202233,0.004783527,-0.0006419569,0.01801665,-0.02173986
2.643675,-0.1283043,0.001201156,0.004779876,-0.0006412156,0.01801419,-0.02173608
2.643675,-0.1283171,0.001206359,0.004781911,-0.0006406531,0.01801536,-0.02173816
2.643675,-0.1283307,0.001206142,0.004785159,-0.0006413981,0.01801717,-0.02174089
2.643675,-0.1283167,0.001204216,0.004791247,-0.0006422475,0.01801608,-0.0217388
2.643675,-0.1283036,0.001206204,0.004786117,-0.0006422773,0.01801418,-0.02173602
2.643675,-0.1283073,0.001208073,0.004786752,-0.0006412305,0.01801403,-0.02173616
2.643675,-0.1283201,0.001208096,0.00478305,-0.0006407574,0.01801606,-0.02173904
2.643675,-0.1283141,0.001205994,0.00477919,-0.0006402023,0.01801558,-0.02173812
2.643675,-0.1282933,0.001195975,0.004784856,-0.0006427318,0.01801344,-0.02173453
2.643675,-0.1282999,0.001211813,0.004791216,-0.0006414838,0.01801358,-0.02173518
2.643675,-0.1283097,0.001210101,0.004788304,-0.0006412938,0.01801484,-0.0217371
2.643675,-0.1283123,0.001198948,0.004789537,-0.0006425008,0.01801531,-0.02173775
2.643675,-0.1282958,0.00120644,0.004782711,-0.0006410703,0.01801356,-0.02173483
2.643675,-0.1282926,0.001212118,0.004780145,-0.0006399788,0.01801277,-0.02173385
2.643675,-0.128312,0.001221131,0.004773776,-0.0006371774,0.01801495,-0.02173736
2.643675,-0.1283156,0.001221132,0.004772653,-0.0006367937,0.01801571,-0.02173834
2.643675,-0.1283031,0.001214316,0.004771256,-0.0006378107,0.01801472,-0.02173645
2.643675,-0.1282836,0.001220106,0.004771165,-0.000637114,0.01801181,-0.02173224
2.643675,-0.1282953,0.001218072,0.004778195,-0.000638362,0.01801308,-0.02173433
2.643675,-0.1283134,0.001217903,0.004781328,-0.0006389506,0.01801532,-0.02173781
2.643675,-0.1283121,0.001222194,0.004778957,-0.0006382726,0.01801528,-0.02173767
2.643675,-0.1282893,0.001215929,0.004781162,-0.0006391779,0.01801252,-0.02173335
2.643675,-0.1282985,0.001218164,0.004786539,-0.0006395578,0.01801316,-0.02173466
2.643675,-0.1283216,0.001222301,0.00478228,-0.0006385967,0.01801619,-0.02173925
2.643675,-0.1283052,0.001225463,0.00478091,-0.0006384775,0.01801451,-0.02173643
2.643675,-0.1282856,0.00121607,0.004784699,-0.0006394722,0.01801226,-0.02173283
2.643675,-0.1282883,0.00122591,0.004788955,-0.0006393455,0.01801218,-0.02173296
2.643675,-0.1283028,0.001230991,0.004792654,-0.0006390885,0.01801402,-0.02173579
2.643675,-0.1283089,0.001227389,0.004791792,-0.000639461,0.01801477,-0.02173696
2.643675,-0.1282853,0.001233019,0.004785071,-0.0006376579,0.01801201,-0.02173256
2.643675,-0.1282749,0.001236425,0.004783307,-0.0006367341,0.01801073,-0.02173056
2.643675,-0.128298,0.001232268,0.00478602,-0.0006373189,0.01801307,-0.02173453
2.643675,-0.1282989,0.001226133,0.004787283,-0.000638172,0.01801393,-0.0217354
2.643675,-0.1282725,0.001232404,0.004787423,-0.0006390139,0.01801124,-0.02173084
2.643675,-0.1282701,0.001241354,0.004794363,-0.0006379634,0.01801012,-0.02172962
2.643675,-0.1282849,0.001236245,0.004794207,-0.0006385334,0.01801175,-0.02173229
2.643675,-0.1283033,0.001241979,0.004797861,-0.0006382391,0.01801381,-0.02173562
2.643675,-0.1282832,0.001244879,0.004792173,-0.0006376617,0.01801219,-0.02173255
2.643675,-0.1282676,0.001248739,0.004794796,-0.0006369874,0.0180099,-0.02172921
2.643675,-0.1282779,0.001250665,0.004794818,-0.0006368309,0.0180109,-0.02173095
2.643675,-0.1282938,0.001256639,0.004794585,-0.0006358773,0.01801301,-0.02173414
2.643675,-0.1282901,0.001254139,0.004794878,-0.0006359965,0.01801267,-0.02173352
2.643675,-0.1282659,0.001251883,0.004794995,-0.0006362833,0.01800994,-0.02172912
2.643675,-0.1282597,0.001254164,0.004794508,-0.0006360114,0.01800888,-0.02172765
2.643675,-0.1282742,0.001260085,0.004789351,-0.0006345324,0.01801046,-0.02173023
2.643675,-0.1282815,0.001272508,0.004793377,-0.0006335676,0.0180115,-0.02173176
2.643675,-0.1282679,0.001273722,0.004795027,-0.0006333739,0.01801001,-0.02172932
2.643675,-0.1282552,0.00127891,0.00479138,-0.0006321631,0.01800845,-0.02172687
2.643675,-0.1282781,0.00126061,0.004796448,-0.0006353967,0.01801076,-0.02173082
2.643675,-0.1282941,0.001252611,0.004797828,-0.0006364509,0.01801296,-0.02173411
2.643675,-0.1282742,0.001251586,0.004801148,-0.0006371439,0.01801082,-0.02173059
2.643675,-0.1282551,0.001245091,0.004801268,-0.0006383248,0.01800827,-0.02172674
2.643675,-0.128268,0.001246908,0.004796269,-0.0006376803,0.01800944,-0.02172883
